Entries,BO,EN
author,སྟོན་པ་བཅོམ་ལྡན་འདས།,Buddha
composition_date,,
source,https://library.bdrc.io/show/bdr:WA0RK0529?s=q%3D%2522%25E0%25BD%25A4%25E0%25BD%25BA%25E0%25BD%25A6%25E0%25BC%258B%25E0%25BD%25A2%25E0%25BD%2596%25E0%25BC%258B%25E0%25BD%25A6%25E0%25BE%2599%25E0%25BD%25B2%25E0%25BD%2584%25E0%25BC%258B%25E0%25BD%2594%25E0%25BD%25BC%25E0%25BC%258D%2522~1%26lg%3Dbo%26t%3DWork%26n%3D1,
presentation,,
usage_title,,
title_short,སྟོན་པ་བཅོམ་ལྡན་འདས། ཤེས་རབ་སྙིང་པོ།,The Heart of Wisdom
title_long_clean,བཅོམ་ལྡན་འདས་མ་ཤེས་རབ་ཀྱི་ཕ་རོལ་ཏུ་ཕྱིན་པའི་སྙིང་པོ།,
title_alt_1,ཤེར་རབ་སྙིང་པོ།,
title_alt_2,ཤེར་སྙིང་།,
title_alt_3,བཅོམ་ལྡན་འདས་མ་ཤེས་རབ་ཀྱི་ཕ་རོལ་ཏུ་ཕྱིན་པའི་སྙིང་པོ།,
title_alt_4,འཕགས་པ་བཅོམ་ལྡན་འདས་མ་ཤེས་རབ་ཀྱི་ཕ་རོལ་ཏུ་ཕྱིན་པའི་སྙིང་པོ།,
title_alt_5,,
is_commentary_of,,
is_version_of,ཤེས་རབ་སྙིང་པོ།,
language,,