🏷️མཚན་བྱང་གི་རྣམ་གྲངས།,✍️ མཛད་པ་པོའི་མཚན་གྱི་རྣམ་གྲངས།,Eng name,Chine Name
Entries,BO,EN,ZH
author,ལོ་ཆེན་བཻ་རོ་ཙ་ན།,Vairocana,毗卢遮那
composition_date,,,
source,http://purl.bdrc.io/resource/WA0XLEABEC8EFB500,,
presentation,,,
usage_title,,,
title_short,ལོ་ཆེན་བཻ་རོ་ཙ་ན། ཤེར་སྙིང་འགྲེལ་པ་སྔགས་སུ་བཀྲལ་པ།,"Vairocana, Unravelling Mantra’s Meaning in The Heart of Wisdom Sūtra",
title_long_clean,ཤེས་རབ་སྙིང་པོའི་འགྲེལ་པ་སྔགས་སུ་བཀྲལ་པ།,,
title_alt_1,,,
title_alt_2,,,
title_alt_3,,,
title_alt_4,,,
title_alt_5,,,
is_commentary_of,ཤེས་རབ་སྙིང་པོ།,Heart Sutra,
is_version_of,,,
language,,,