1	14	START	དང་པོ་ནི། རྒྱ་གར་འཕགས་པའི་ཡུལ་གྱི་སྐད་རིགས་ཆེན་པོ་བཞི་ལས་མཆོག་ཏུ་གྱུར་པ་སཾ་སྐྲྀ་ཏ་ལེགས་སྦྱར་ལྷའི་སྐད་དུ།
2	20	START	གཉིས་པ་གཞུང་དོན་བཤད་པ་ལ་གསུམ།
2.1	22	END->NEXT	དང་པོ་ནི།
2.2	26	START	གཉིས་པ་བར་དུ་གླེང་བསླང་དངོས་བྱིན་གྱིས་བརླབས་པའི་བཀའ་རྒྱས་པར་བཤད་པ་ལ་གསུམ།
2.2.1	28	END->NEXT	དང་པོ་ནི།
2.2.2	30	START	གཉིས་པ་ལ་གཉིས། སྤྱན་རས་གཟིགས་ལ་བྱིན་གྱིས་རློབ་ཚུལ་དང་། ཤཱ་རིའི་བུ་ལ་བྱིན་གྱིས་རློབ་ཚུལ་ལོ། །
2.2.2.1	32	END->NEXT	དང་པོ་ནི།
2.2.2.2	36	START	གཉིས་པ་ནི། དེ་ནས་སངས་རྒྱས་ཀྱི་མཐུས་ཚེ་དང་ལྡན་པ་ཤཱ་རིའི་བུས་
2.2.3	38	START	གསུམ་པ་དྲི་བ་དང་དྲི་ལན་ཇི་ལྟར་མཛད་པའི་ཚུལ་བཤད་པ་ལ་གཉིས།
2.2.3.1	40	START	དང་པོ་ནི། རིགས་ཀྱི་བུའམ་རིགས་ཀྱི་བུ་མོ་གང་ལ་ལ་ཤེས་རབ་ཀྱི་ཕ་རོལ་ཏུ་ཕྱིན་པ་ཟབ་མོའི་སྤྱོད་པ་སྤྱད་པར་འདོད་པ་
2.2.3.2	42	START	གཉིས་པ་ཡང་ལན་རྒྱས་པར་བཤད་པ་ལ་བཞི།
2.2.3.2.1	42	MID	དང་པོ་ལ་གསུམ། ངོ་བོ་སྟོང་པ་ཉིད། རྒྱུ་མཚན་མ་མེད་པ། འབྲས་བུ་སྨོན་པ་མེད་པའོ། །
2.2.3.2.1.1	44	END->NEXT	དང་པོ་ལ་གཉིས། ངོ་བོ་མདོར་བསྟན་པ་དང་། དབྱེ་བ་རྒྱས་པ་བཤད་པའོ། །
2.2.3.2.1.1.1	44	START	དང་པོ་ནི། བྱང་ཆུབ་སེམས་དཔའ་སེམས་དཔའ་ཆེན་པོ་འཕགས་པ་སྤྱན་རས་གཟིག་དབང་ཕྱུག་གིས་ཚེ་དང་ལྡན་པ་ཤཱ་ར་དྭ་ཏིའི་བུ་ལ་
2.2.3.2.1.1.2	52	START	གཉིས་པ་དབྱེ་བ་རྒྱས་པར་བཤད་པ་ལ་གཉིས།
2.2.3.2.1.1.2.1	54	START	དང་པོ་ནི། གཟུགས་སྟོང་པའོ། །
2.2.3.2.1.1.2.2	62	START	གཉིས་པ་ནི། ཤཱ་རིའི་བུ། དེ་ལྟར་ཆོས་ཐམས་ཅད་སྟོང་པ་ཉིད་དེ། མཚན་ཉིད་མེད་པ། མ་སྐྱེས་པ། མ་འགག་པ།
2.2.3.2.1.2	74	START	གཉིས་པ་རྒྱུ་མཚན་མ་མེད་པའི་རྣམ་པར་ཐར་པ་བསྟན་པ་ལ་གསུམ།
2.2.3.2.1.2.1	76	START	དང་པོ་ནི། ཤཱ་རིའི་བུ། དེ་ལྟ་བས་ན་སྟོང་པ་ཉིད་ལ་གཟུགས་མེད།
2.2.3.2.1.2.2	78	START	གཉིས་པ་ནི། མིག་མེད། རྣ་བ་མེད། སྣ་མེད། ལྕེ་མེད། ལུས་མེད། ཡིད་མེད།
2.2.3.2.1.2.3	80	START	གསུམ་པ་ནི། མིག་གི་ཁམས་མེད་པ་ནས་ཡིད་ཀྱི་ཁམས་མེད།
2.2.3.2.1.3	82	START	གསུམ་པ་འབྲས་བུ་སྨོན་པ་མེད་པའི་རྣམ་པར་ཐར་པ་བསྟན་པ་ལ་གསུམ།
2.2.3.2.1.3.1	84	START	དང་པོ་ནི། མ་རིག་པ་མེད། མ་རིག་པ་ཟད་པ་མེད་པ་ནས་རྒ་ཤི་མེད།
2.2.3.2.1.3.2	86	START	གཉིས་པ་ནི། དེ་བཞིན་དུ་སྡུག་བསྔལ་བ་དང་། ཀུན་འབྱུང་བ་དང་། འགོག་པ་དང་། ལམ་མེད།
2.2.3.2.1.3.3	88	START	གསུམ་པ་ནི། ཡེ་ཤེས་མེད། ཐོབ་པ་མེད། མ་ཐོབ་པའང་མེད་དོ། །
2.2.3.2.2	90	START	གཉིས་པ་སྒོམ་པའི་གནད་བཤད་པ་ནི།
2.2.3.2.3	96	START	གསུམ་པ་འབྲས་བུའི་བཤད་པ་ནི།
2.2.3.2.4	100	START	བཞི་པ་སྤྱོད་པའི་གསེང་ལམ་བཤད་པ་ལ་གཉིས།
2.2.3.2.4.1	102	END->NEXT	དང་པོ་ལ་གཉིས། སྔགས་ཀྱི་བྱེད་ལས་བསྟན་པ་དང་། སྔགས་དོན་བཤད་པའོ། །
2.2.3.2.4.1.1	102	START	དང་པོ་ནི། དེ་ལྟ་བས་ན་ཤེས་རབ་ཀྱི་ཕ་རོལ་ཏུ་ཕྱིན་པའི་སྔགས།
2.2.3.2.4.1.2	104	START	གཉིས་པ་ནི། ཏདྱ་ཐཱ། ཨོཾ་ག་ཏེ་ག་ཏེ་པཱ་ར་ག་ཏེ་པཱ་ར་སཾ་ག་ཏེ་བྷོ་དྷི་སྭཱ་ཧཱ།
2.2.3.2.4.2	106	START	གཉིས་པ་འདི་ལ་སློབ་པར་གདམས་པ་ནི།
2.3	110	START	གསུམ་པ་ཐ་མར་གྲུབ་དོན་ཞལ་ནས་གསུངས་པའི་བཀས་མཇུག་སྡུད་བསྟན་པ་ནི།
3	120	START	གསུམ་པ་མཇུག་གི་དོན་ནི།
