drive_path,type,id,url,local_file,status
R429207AA འཕགས་པ་ཤེས་རབ་ཀྱི་ཕ་རོལ་ཏུ་ཕྱིན་པའི་སྙིང་པོའི་རྒྱ་ཆེར་བཤད་པ།/Cleaned etext/1715849328578-R429207AA འཕགས་པ་ཤེས་རབ་ཀྱི་ཕ་རོལ་ཏུ་ཕྱིན་པའི་སྙིང་པོའི་རྒྱ་ཆེར་བཤད་པ།-B5,document,1fR0qviVpPmI_CwoJKSmk4YOOYIXcRFvjQ1pk493waTw,https://docs.google.com/document/d/1fR0qviVpPmI_CwoJKSmk4YOOYIXcRFvjQ1pk493waTw/edit,Dzongsar_folders/R429207AA འཕགས་པ་ཤེས་རབ་ཀྱི་ཕ་རོལ་ཏུ་ཕྱིན་པའི་སྙིང་པོའི་རྒྱ་ཆེར་བཤད་པ།/Cleaned etext/1715849328578-R429207AA འཕགས་པ་ཤེས་རབ་ཀྱི་ཕ་རོལ་ཏུ་ཕྱིན་པའི་སྙིང་པོའི་རྒྱ་ཆེར་བཤ.docx,downloaded
R429207AA འཕགས་པ་ཤེས་རབ་ཀྱི་ཕ་རོལ་ཏུ་ཕྱིན་པའི་སྙིང་པོའི་རྒྱ་ཆེར་བཤད་པ།/Cleaned etext/R429207AA འཕགས་པ་ཤེས་རབ་ཀྱི་ཕ་རོལ་ཏུ་ཕྱིན་པའི་སྙིང་པོའི་རྒྱ་ཆེར་བཤད་པ།-B3,document,1AHkBF9ScdcadMwia9yasMNaMIEuPAK71z9BzkbR2eiU,https://docs.google.com/document/d/1AHkBF9ScdcadMwia9yasMNaMIEuPAK71z9BzkbR2eiU/edit,Dzongsar_folders/R429207AA འཕགས་པ་ཤེས་རབ་ཀྱི་ཕ་རོལ་ཏུ་ཕྱིན་པའི་སྙིང་པོའི་རྒྱ་ཆེར་བཤད་པ།/Cleaned etext/R429207AA འཕགས་པ་ཤེས་རབ་ཀྱི་ཕ་རོལ་ཏུ་ཕྱིན་པའི་སྙིང་པོའི་རྒྱ་ཆེར་བཤད་པ།-B3.docx,downloaded
R429207AA འཕགས་པ་ཤེས་རབ་ཀྱི་ཕ་རོལ་ཏུ་ཕྱིན་པའི་སྙིང་པོའི་རྒྱ་ཆེར་བཤད་པ།/OCR/R429207AA འཕགས་པ་ཤེས་རབ་ཀྱི་ཕ་རོལ་ཏུ་ཕྱིན་པའི་སྙིང་པོའི་རྒྱ་ཆེར་བཤད་པ། - B4.pdf,file,1DKeF19SiBUZfczQkRy7m0VnpmmsxUhPC,https://drive.google.com/file/d/1DKeF19SiBUZfczQkRy7m0VnpmmsxUhPC/view,,skipped (uploaded file; not a Doc/Sheet)
R429207AA འཕགས་པ་ཤེས་རབ་ཀྱི་ཕ་རོལ་ཏུ་ཕྱིན་པའི་སྙིང་པོའི་རྒྱ་ཆེར་བཤད་པ།/OCR/R429207AA འཕགས་པ་ཤེས་རབ་ཀྱི་ཕ་རོལ་ཏུ་ཕྱིན་པའི་སྙིང་པོའི་རྒྱ་ཆེར་བཤད་པ།-6.pdf,file,1QIPEyeduHU2Wj_XPOElAc4FdI7QkxphN,https://drive.google.com/file/d/1QIPEyeduHU2Wj_XPOElAc4FdI7QkxphN/view,,skipped (uploaded file; not a Doc/Sheet)
R429207AA འཕགས་པ་ཤེས་རབ་ཀྱི་ཕ་རོལ་ཏུ་ཕྱིན་པའི་སྙིང་པོའི་རྒྱ་ཆེར་བཤད་པ།/OCR/R429207AA འཕགས་པ་ཤེས་རབ་ཀྱི་ཕ་རོལ་ཏུ་ཕྱིན་པའི་སྙིང་པོའི་རྒྱ་ཆེར་བཤད་པ།-B2.pdf,file,1VykmyE9IHzM5DSNFChcxX4DZVVwr39Ak,https://drive.google.com/file/d/1VykmyE9IHzM5DSNFChcxX4DZVVwr39Ak/view,,skipped (uploaded file; not a Doc/Sheet)
R429207AA འཕགས་པ་ཤེས་རབ་ཀྱི་ཕ་རོལ་ཏུ་ཕྱིན་པའི་སྙིང་པོའི་རྒྱ་ཆེར་བཤད་པ།/OCR/R429207AA འཕགས་པ་ཤེས་རབ་ཀྱི་ཕ་རོལ་ཏུ་ཕྱིན་པའི་སྙིང་པོའི་རྒྱ་ཆེར་བཤད་པ།-B5.pdf,file,1QxnF7VpF0Y93nrmyvLTll11xoC0Gb8YT,https://drive.google.com/file/d/1QxnF7VpF0Y93nrmyvLTll11xoC0Gb8YT/view,,skipped (uploaded file; not a Doc/Sheet)
R429207AA འཕགས་པ་ཤེས་རབ་ཀྱི་ཕ་རོལ་ཏུ་ཕྱིན་པའི་སྙིང་པོའི་རྒྱ་ཆེར་བཤད་པ།/Others/1715839036127-R429207AA འཕགས་པ་ཤེས་རབ་ཀྱི་ཕ་རོལ་ཏུ་ཕྱིན་པའི་སྙིང་པོའི་རྒྱ་ཆེར་བཤད་པ། - B4,document,19M5qB91J8el8190L6NSPvB7XwtZhQd0aTRKWU9qhiIM,https://docs.google.com/document/d/19M5qB91J8el8190L6NSPvB7XwtZhQd0aTRKWU9qhiIM/edit,Dzongsar_folders/R429207AA འཕགས་པ་ཤེས་རབ་ཀྱི་ཕ་རོལ་ཏུ་ཕྱིན་པའི་སྙིང་པོའི་རྒྱ་ཆེར་བཤད་པ།/Others/1715839036127-R429207AA འཕགས་པ་ཤེས་རབ་ཀྱི་ཕ་རོལ་ཏུ་ཕྱིན་པའི་སྙིང་པོའི་རྒྱ་ཆེར་བཤ.docx,downloaded
R429207AA འཕགས་པ་ཤེས་རབ་ཀྱི་ཕ་རོལ་ཏུ་ཕྱིན་པའི་སྙིང་པོའི་རྒྱ་ཆེར་བཤད་པ།/Others/1715848874633-R429207AA འཕགས་པ་ཤེས་རབ་ཀྱི་ཕ་རོལ་ཏུ་ཕྱིན་པའི་སྙིང་པོའི་རྒྱ་ཆེར་བཤད་པ།-6,document,1yJdYZJh2pONfDuXrOntPk8CyHZA2VYHc6Tqaw25crh4,https://docs.google.com/document/d/1yJdYZJh2pONfDuXrOntPk8CyHZA2VYHc6Tqaw25crh4/edit,Dzongsar_folders/R429207AA འཕགས་པ་ཤེས་རབ་ཀྱི་ཕ་རོལ་ཏུ་ཕྱིན་པའི་སྙིང་པོའི་རྒྱ་ཆེར་བཤད་པ།/Others/1715848874633-R429207AA འཕགས་པ་ཤེས་རབ་ཀྱི་ཕ་རོལ་ཏུ་ཕྱིན་པའི་སྙིང་པོའི་རྒྱ་ཆེར་བཤ.docx,downloaded
R429207AA འཕགས་པ་ཤེས་རབ་ཀྱི་ཕ་རོལ་ཏུ་ཕྱིན་པའི་སྙིང་པོའི་རྒྱ་ཆེར་བཤད་པ།/Others/1715849223554-R429207AA འཕགས་པ་ཤེས་རབ་ཀྱི་ཕ་རོལ་ཏུ་ཕྱིན་པའི་སྙིང་པོའི་རྒྱ་ཆེར་བཤད་པ།-B2,document,13Wrc1Ztx7VbcKj35GaOG1DRourmhu1DzWiRP6ANBlGY,https://docs.google.com/document/d/13Wrc1Ztx7VbcKj35GaOG1DRourmhu1DzWiRP6ANBlGY/edit,Dzongsar_folders/R429207AA འཕགས་པ་ཤེས་རབ་ཀྱི་ཕ་རོལ་ཏུ་ཕྱིན་པའི་སྙིང་པོའི་རྒྱ་ཆེར་བཤད་པ།/Others/1715849223554-R429207AA འཕགས་པ་ཤེས་རབ་ཀྱི་ཕ་རོལ་ཏུ་ཕྱིན་པའི་སྙིང་པོའི་རྒྱ་ཆེར་བཤ.docx,downloaded
R429207AA འཕགས་པ་ཤེས་རབ་ཀྱི་ཕ་རོལ་ཏུ་ཕྱིན་པའི་སྙིང་པོའི་རྒྱ་ཆེར་བཤད་པ།/R429207AA འཕགས་པ་ཤེས་རབ་ཀྱི་ཕ་རོལ་ཏུ་ཕྱིན་པའི་སྙིང་པོའི་རྒྱ་ཆེར་བཤད་པ།-B7- ཡིག་རྐྱང་རྩེ་ཕུད། (Best E-text)/R429207AA འཕགས་པ་ཤེས་རབ་ཀྱི་ཕ་རོལ་ཏུ་ཕྱིན་པའི་སྙིང་པོའི་རྒྱ་ཆེར་བཤད་པ། - B7 #,document,1DToCgyjyv4Zi3mj1m1DnL7vaSakx1mQix2N7EtBE8yU,https://docs.google.com/document/d/1DToCgyjyv4Zi3mj1m1DnL7vaSakx1mQix2N7EtBE8yU/edit,Dzongsar_folders/R429207AA འཕགས་པ་ཤེས་རབ་ཀྱི་ཕ་རོལ་ཏུ་ཕྱིན་པའི་སྙིང་པོའི་རྒྱ་ཆེར་བཤད་པ།/R429207AA འཕགས་པ་ཤེས་རབ་ཀྱི་ཕ་རོལ་ཏུ་ཕྱིན་པའི་སྙིང་པོའི་རྒྱ་ཆེར་བཤད་པ།-B7- ཡིག་ར/R429207AA འཕགས་པ་ཤེས་རབ་ཀྱི་ཕ་རོལ་ཏུ་ཕྱིན་པའི་སྙིང་པོའི་རྒྱ་ཆེར་བཤད་པ། - B7 #.docx,downloaded
R429207AA འཕགས་པ་ཤེས་རབ་ཀྱི་ཕ་རོལ་ཏུ་ཕྱིན་པའི་སྙིང་པོའི་རྒྱ་ཆེར་བཤད་པ།/R429207AA འཕགས་པ་ཤེས་རབ་ཀྱི་ཕ་རོལ་ཏུ་ཕྱིན་པའི་སྙིང་པོའི་རྒྱ་ཆེར་བཤད་པ།-B7- ཡིག་རྐྱང་རྩེ་ཕུད། (Best E-text)/R429207AA འཕགས་པ་ཤེས་རབ་ཀྱི་ཕ་རོལ་ཏུ་ཕྱིན་པའི་སྙིང་པོའི་རྒྱ་ཆེར་བཤད་པ། - B7 -Segmentation,document,1NKR7aZaUQTGz0KbyqyEdoOpywn88sBnaGB-Za9ri-ZE,https://docs.google.com/document/d/1NKR7aZaUQTGz0KbyqyEdoOpywn88sBnaGB-Za9ri-ZE/edit,Dzongsar_folders/R429207AA འཕགས་པ་ཤེས་རབ་ཀྱི་ཕ་རོལ་ཏུ་ཕྱིན་པའི་སྙིང་པོའི་རྒྱ་ཆེར་བཤད་པ།/R429207AA འཕགས་པ་ཤེས་རབ་ཀྱི་ཕ་རོལ་ཏུ་ཕྱིན་པའི་སྙིང་པོའི་རྒྱ་ཆེར་བཤད་པ།-B7- ཡིག་ར/R429207AA འཕགས་པ་ཤེས་རབ་ཀྱི་ཕ་རོལ་ཏུ་ཕྱིན་པའི་སྙིང་པོའི་རྒྱ་ཆེར་བཤད་པ། - B7 -Seg.docx,downloaded
R429207AA འཕགས་པ་ཤེས་རབ་ཀྱི་ཕ་རོལ་ཏུ་ཕྱིན་པའི་སྙིང་པོའི་རྒྱ་ཆེར་བཤད་པ།/R429207AA ཤེས་རབ་སྙིང་པོ། - Clean Root Tsadel,document,1bpyOnOtW5rldiifaAcCVzq0lxKnQhcjhwvIoX5f-R0A,https://docs.google.com/document/d/1bpyOnOtW5rldiifaAcCVzq0lxKnQhcjhwvIoX5f-R0A/edit,Dzongsar_folders/R429207AA འཕགས་པ་ཤེས་རབ་ཀྱི་ཕ་རོལ་ཏུ་ཕྱིན་པའི་སྙིང་པོའི་རྒྱ་ཆེར་བཤད་པ།/R429207AA ཤེས་རབ་སྙིང་པོ། - Clean Root Tsadel.docx,downloaded
R429207AA འཕགས་པ་ཤེས་རབ་ཀྱི་ཕ་རོལ་ཏུ་ཕྱིན་པའི་སྙིང་པོའི་རྒྱ་ཆེར་བཤད་པ།/R429207AA འཕགས་པ་ཤེས་རབ་ཀྱི་ཕ་རོལ་ཏུ་ཕྱིན་པའི་སྙིང་པོའི་རྒྱ་ཆེར་བཤད་པ། - Sentence-Segm,document,1qrsmaZHN6gX3QPP4Ysj4AbeZOEZ10O56nou0aGR8PKU,https://docs.google.com/document/d/1qrsmaZHN6gX3QPP4Ysj4AbeZOEZ10O56nou0aGR8PKU/edit,Dzongsar_folders/R429207AA འཕགས་པ་ཤེས་རབ་ཀྱི་ཕ་རོལ་ཏུ་ཕྱིན་པའི་སྙིང་པོའི་རྒྱ་ཆེར་བཤད་པ།/R429207AA འཕགས་པ་ཤེས་རབ་ཀྱི་ཕ་རོལ་ཏུ་ཕྱིན་པའི་སྙིང་པོའི་རྒྱ་ཆེར་བཤད་པ། - Sentenc.docx,downloaded
R429207AA འཕགས་པ་ཤེས་རབ་ཀྱི་ཕ་རོལ་ཏུ་ཕྱིན་པའི་སྙིང་པོའི་རྒྱ་ཆེར་བཤད་པ།/R429207AA འཕགས་པ་ཤེས་རབ་ཀྱི་ཕ་རོལ་ཏུ་ཕྱིན་པའི་སྙིང་པོའི་རྒྱ་ཆེར་བཤད་པ། - TOC,document,1LXB70GsbYAkxmCD5Cnrb7u_JQwXlBlIU7aaBCU5G0uo,https://docs.google.com/document/d/1LXB70GsbYAkxmCD5Cnrb7u_JQwXlBlIU7aaBCU5G0uo/edit,Dzongsar_folders/R429207AA འཕགས་པ་ཤེས་རབ་ཀྱི་ཕ་རོལ་ཏུ་ཕྱིན་པའི་སྙིང་པོའི་རྒྱ་ཆེར་བཤད་པ།/R429207AA འཕགས་པ་ཤེས་རབ་ཀྱི་ཕ་རོལ་ཏུ་ཕྱིན་པའི་སྙིང་པོའི་རྒྱ་ཆེར་བཤད་པ། - TOC.docx,downloaded
R429207AA འཕགས་པ་ཤེས་རབ་ཀྱི་ཕ་རོལ་ཏུ་ཕྱིན་པའི་སྙིང་པོའི་རྒྱ་ཆེར་བཤད་པ།/R429207AA འཕགས་པ་ཤེས་རབ་ཀྱི་ཕ་རོལ་ཏུ་ཕྱིན་པའི་སྙིང་པོའི་རྒྱ་ཆེར་བཤད་པ། - Tsadel,document,181yAycKuAxdxOdQFz5g2TyPt3pXvw97KtCpKXc5e2uE,https://docs.google.com/document/d/181yAycKuAxdxOdQFz5g2TyPt3pXvw97KtCpKXc5e2uE/edit,Dzongsar_folders/R429207AA འཕགས་པ་ཤེས་རབ་ཀྱི་ཕ་རོལ་ཏུ་ཕྱིན་པའི་སྙིང་པོའི་རྒྱ་ཆེར་བཤད་པ།/R429207AA འཕགས་པ་ཤེས་རབ་ཀྱི་ཕ་རོལ་ཏུ་ཕྱིན་པའི་སྙིང་པོའི་རྒྱ་ཆེར་བཤད་པ། - Tsadel.docx,downloaded
R429207AA འཕགས་པ་ཤེས་རབ་ཀྱི་ཕ་རོལ་ཏུ་ཕྱིན་པའི་སྙིང་པོའི་རྒྱ་ཆེར་བཤད་པ།/R429207AA འཕགས་པ་ཤེས་རབ་ཀྱི་ཕ་རོལ་ཏུ་ཕྱིན་པའི་སྙིང་པོའི་རྒྱ་ཆེར་བཤད་པ། -Citation,document,1dmP259BMtclHsfmvA71OZhGO7Ycp22nfFuPie5tVLl8,https://docs.google.com/document/d/1dmP259BMtclHsfmvA71OZhGO7Ycp22nfFuPie5tVLl8/edit,Dzongsar_folders/R429207AA འཕགས་པ་ཤེས་རབ་ཀྱི་ཕ་རོལ་ཏུ་ཕྱིན་པའི་སྙིང་པོའི་རྒྱ་ཆེར་བཤད་པ།/R429207AA འཕགས་པ་ཤེས་རབ་ཀྱི་ཕ་རོལ་ཏུ་ཕྱིན་པའི་སྙིང་པོའི་རྒྱ་ཆེར་བཤད་པ། -Citation.docx,downloaded
R429207AA འཕགས་པ་ཤེས་རབ་ཀྱི་ཕ་རོལ་ཏུ་ཕྱིན་པའི་སྙིང་པོའི་རྒྱ་ཆེར་བཤད་པ།/R429207AA འཕགས་པ་ཤེས་རབ་ཀྱི་ཕ་རོལ་ཏུ་ཕྱིན་པའི་སྙིང་པོའི་རྒྱ་ཆེར་བཤད་པ། Metadata,spreadsheets,1w0LHOsPSLAjEeLLzcYaW6qHn-w2PE-sXUN4EBri9uMw,https://docs.google.com/spreadsheets/d/1w0LHOsPSLAjEeLLzcYaW6qHn-w2PE-sXUN4EBri9uMw/edit,Dzongsar_folders/R429207AA འཕགས་པ་ཤེས་རབ་ཀྱི་ཕ་རོལ་ཏུ་ཕྱིན་པའི་སྙིང་པོའི་རྒྱ་ཆེར་བཤད་པ།/R429207AA འཕགས་པ་ཤེས་རབ་ཀྱི་ཕ་རོལ་ཏུ་ཕྱིན་པའི་སྙིང་པོའི་རྒྱ་ཆེར་བཤད་པ། Metadata.xlsx,downloaded
R93128D03 ཤེར་སྙིང་རྣམ་བཤད་ཡུམ་དོན་རབ་གསལ།/Cleaned Text/R93128D03 ཤེར་སྙིང་རྣམ་བཤད་ཡུམ་དོན་རབ་གསལ། B-2,document,1Onrc4zxtW8YBpYe3IuTxXsnvHAhCH9j2Z52IxXomKFg,https://docs.google.com/document/d/1Onrc4zxtW8YBpYe3IuTxXsnvHAhCH9j2Z52IxXomKFg/edit,Dzongsar_folders/R93128D03 ཤེར་སྙིང་རྣམ་བཤད་ཡུམ་དོན་རབ་གསལ།/Cleaned Text/R93128D03 ཤེར་སྙིང་རྣམ་བཤད་ཡུམ་དོན་རབ་གསལ། B-2.docx,downloaded
R93128D03 ཤེར་སྙིང་རྣམ་བཤད་ཡུམ་དོན་རབ་གསལ།/Cleaned Text/R93128D03 ཤེར་སྙིང་རྣམ་བཤད་ཡུམ་དོན་རབ་གསལ། B-3 #,document,1x-Q2_FXhY6xKDf3U8MzxSX-vVy9MjpAxEkTgI03k1v0,https://docs.google.com/document/d/1x-Q2_FXhY6xKDf3U8MzxSX-vVy9MjpAxEkTgI03k1v0/edit,Dzongsar_folders/R93128D03 ཤེར་སྙིང་རྣམ་བཤད་ཡུམ་དོན་རབ་གསལ།/Cleaned Text/R93128D03 ཤེར་སྙིང་རྣམ་བཤད་ཡུམ་དོན་རབ་གསལ། B-3 #.docx,downloaded
R93128D03 ཤེར་སྙིང་རྣམ་བཤད་ཡུམ་དོན་རབ་གསལ།/Cleaned Text/R93128D03 ཤེས་རབ་སྙིང་པོའི་རྣམ་བཤད་ཡུམ་དོན་རབ་གསལ་ཞེས་བྱ་བ་བཞུགས་སོ།། E-2,document,1tCHYpD_mbbo7unQcDAvdUKb6A4fOvy0bbCXpTB1JyWA,https://docs.google.com/document/d/1tCHYpD_mbbo7unQcDAvdUKb6A4fOvy0bbCXpTB1JyWA/edit,Dzongsar_folders/R93128D03 ཤེར་སྙིང་རྣམ་བཤད་ཡུམ་དོན་རབ་གསལ།/Cleaned Text/R93128D03 ཤེས་རབ་སྙིང་པོའི་རྣམ་བཤད་ཡུམ་དོན་རབ་གསལ་ཞེས་བྱ་བ་བཞུགས་སོ།། E-2.docx,downloaded
R93128D03 ཤེར་སྙིང་རྣམ་བཤད་ཡུམ་དོན་རབ་གསལ།/OCR/R93128D03 ཤེར་སྙིང་རྣམ་བཤད་ཡུམ་དོན་རབ་གསལ།-3.pdf,file,13w94MrMi2KZ1_4RJ1VdwLYvPT2vaW8lv,https://drive.google.com/file/d/13w94MrMi2KZ1_4RJ1VdwLYvPT2vaW8lv/view,,skipped (uploaded file; not a Doc/Sheet)
R93128D03 ཤེར་སྙིང་རྣམ་བཤད་ཡུམ་དོན་རབ་གསལ།/R93128D03 ཤེར་སྙིང་རྣམ་བཤད་ཡུམ་དོན་རབ་གསལ།- ཡིག་རྐྱང་རྩེ་ཕུད། (Best E-text)/Common Spell Without Note,document,1wRD47kXBMPPokn4sPv9wU7ze2iRFEJO2qe1hmIiX93c,https://docs.google.com/document/d/1wRD47kXBMPPokn4sPv9wU7ze2iRFEJO2qe1hmIiX93c/edit,Dzongsar_folders/R93128D03 ཤེར་སྙིང་རྣམ་བཤད་ཡུམ་དོན་རབ་གསལ།/R93128D03 ཤེར་སྙིང་རྣམ་བཤད་ཡུམ་དོན་རབ་གསལ།- ཡིག་རྐྱང་རྩེ་ཕུད། (Best E-text)/Common Spell Without Note.docx,downloaded
R93128D03 ཤེར་སྙིང་རྣམ་བཤད་ཡུམ་དོན་རབ་གསལ།/R93128D03 ཤེར་སྙིང་རྣམ་བཤད་ཡུམ་དོན་རབ་གསལ།- ཡིག་རྐྱང་རྩེ་ཕུད། (Best E-text)/common_spell with note.docx,file,1J_XIstfcHJmZRlHSd1BKBxn5QWTYkkW9,https://drive.google.com/file/d/1J_XIstfcHJmZRlHSd1BKBxn5QWTYkkW9/view,,skipped (uploaded file; not a Doc/Sheet)
R93128D03 ཤེར་སྙིང་རྣམ་བཤད་ཡུམ་དོན་རབ་གསལ།/R93128D03 ཤེར་སྙིང་རྣམ་བཤད་ཡུམ་དོན་རབ་གསལ།- ཡིག་རྐྱང་རྩེ་ཕུད། (Best E-text)/R93128D03 ཤེར་སྙིང་རྣམ་བཤད་ཡུམ་དོན་རབ་གསལ།-Segmentation,document,17CSHZC8_CQqebOEBnnF2Fbu44VgcPxwGGuEbpgXui6g,https://docs.google.com/document/d/17CSHZC8_CQqebOEBnnF2Fbu44VgcPxwGGuEbpgXui6g/edit,Dzongsar_folders/R93128D03 ཤེར་སྙིང་རྣམ་བཤད་ཡུམ་དོན་རབ་གསལ།/R93128D03 ཤེར་སྙིང་རྣམ་བཤད་ཡུམ་དོན་རབ་གསལ།- ཡིག་རྐྱང་རྩེ་ཕུད། (Best E-text)/R93128D03 ཤེར་སྙིང་རྣམ་བཤད་ཡུམ་དོན་རབ་གསལ།-Segmentation.docx,downloaded
R93128D03 ཤེར་སྙིང་རྣམ་བཤད་ཡུམ་དོན་རབ་གསལ།/R93128D03 ཤེར་སྙིང་རྣམ་བཤད་ཡུམ་དོན་རབ་གསལ།,spreadsheets,1fsIxWeJPFaO5QuXYYh0mKMKHUbjcpuEvdmF1l_uGPRc,https://docs.google.com/spreadsheets/d/1fsIxWeJPFaO5QuXYYh0mKMKHUbjcpuEvdmF1l_uGPRc/edit,Dzongsar_folders/R93128D03 ཤེར་སྙིང་རྣམ་བཤད་ཡུམ་དོན་རབ་གསལ།/R93128D03 ཤེར་སྙིང་རྣམ་བཤད་ཡུམ་དོན་རབ་གསལ།.xlsx,downloaded
R73677AF7 ཤེར་རབ་སྙིང་པོའི་རྣམ་བཤད་ཟབ་མོའི་དེ་ཁོ་ན་ཉིད་གསལ་བར་བྱེད་པའི་ཉི་མ།/Clean text/R73677AF7 ཤེར་རབ་སྙིང་པོའི་རྣམ་བཤད་ཟབ་མོའི་དེ་ཁོ་ན་ཉིད་གསལ་བར་བྱེད་པའི་ཉི་མ། B-3,document,12t0xeTDmg2_-U0vp6JFyxYPq3KkTUHycm78OrL1dbwA,https://docs.google.com/document/d/12t0xeTDmg2_-U0vp6JFyxYPq3KkTUHycm78OrL1dbwA/edit,Dzongsar_folders/R73677AF7 ཤེར་རབ་སྙིང་པོའི་རྣམ་བཤད་ཟབ་མོའི་དེ་ཁོ་ན་ཉིད་གསལ་བར་བྱེད་པའི་ཉི་མ།/Clean text/R73677AF7 ཤེར་རབ་སྙིང་པོའི་རྣམ་བཤད་ཟབ་མོའི་དེ་ཁོ་ན་ཉིད་གསལ་བར་བྱེད་པའི་ཉི་མ། B-3.docx,downloaded
R73677AF7 ཤེར་རབ་སྙིང་པོའི་རྣམ་བཤད་ཟབ་མོའི་དེ་ཁོ་ན་ཉིད་གསལ་བར་བྱེད་པའི་ཉི་མ།/Clean text/R73677AF7 ཤེར་རབ་སྙིང་པོའི་རྣམ་བཤད་ཟབ་མོའི་དེ་ཁོ་ན་ཉིད་གསལ་བར་བྱེད་པའི་ཉི་མ།-B2 #,document,1nayqpowDZ6CYV-ZT3l7WokGsq2xEzyQETOZFagsawZc,https://docs.google.com/document/d/1nayqpowDZ6CYV-ZT3l7WokGsq2xEzyQETOZFagsawZc/edit,Dzongsar_folders/R73677AF7 ཤེར་རབ་སྙིང་པོའི་རྣམ་བཤད་ཟབ་མོའི་དེ་ཁོ་ན་ཉིད་གསལ་བར་བྱེད་པའི་ཉི་མ།/Clean text/R73677AF7 ཤེར་རབ་སྙིང་པོའི་རྣམ་བཤད་ཟབ་མོའི་དེ་ཁོ་ན་ཉིད་གསལ་བར་བྱེད་པའི་ཉི་མ།-B2.docx,downloaded
R73677AF7 ཤེར་རབ་སྙིང་པོའི་རྣམ་བཤད་ཟབ་མོའི་དེ་ཁོ་ན་ཉིད་གསལ་བར་བྱེད་པའི་ཉི་མ།/Clean text/ཤེས་རབ་སྙིང་པོའི་རྣམ་བཤད་ཟབ་མོའི་དེ་ཁོ་ན་ཉིད་གསལ་བར་བྱེད་པའི་ཉི་མ་ཞེས་བྱ་བ་བཞུགས་སོ། ། E-2,document,1J46sGkhjvjxYpNc6JRbSllPhGxW_eZgKK5MuLqVlHOw,https://docs.google.com/document/d/1J46sGkhjvjxYpNc6JRbSllPhGxW_eZgKK5MuLqVlHOw/edit,Dzongsar_folders/R73677AF7 ཤེར་རབ་སྙིང་པོའི་རྣམ་བཤད་ཟབ་མོའི་དེ་ཁོ་ན་ཉིད་གསལ་བར་བྱེད་པའི་ཉི་མ།/Clean text/ཤེས་རབ་སྙིང་པོའི་རྣམ་བཤད་ཟབ་མོའི་དེ་ཁོ་ན་ཉིད་གསལ་བར་བྱེད་པའི་ཉི་མ་ཞེས་བྱ་བ་བཞུགས.docx,downloaded
R73677AF7 ཤེར་རབ་སྙིང་པོའི་རྣམ་བཤད་ཟབ་མོའི་དེ་ཁོ་ན་ཉིད་གསལ་བར་བྱེད་པའི་ཉི་མ།/OCR/R73677AF7 ཤེར་རབ་སྙིང་པོའི་རྣམ་བཤད་ཟབ་མོའི་དེ་ཁོ་ན་ཉིད་གསལ་བར་བྱེད་པའི་ཉི་མ།-B2.pdf,file,15WegskdOSVRf_WGGAmGDeOnUOksgCWn_,https://drive.google.com/file/d/15WegskdOSVRf_WGGAmGDeOnUOksgCWn_/view,,skipped (uploaded file; not a Doc/Sheet)
R73677AF7 ཤེར་རབ་སྙིང་པོའི་རྣམ་བཤད་ཟབ་མོའི་དེ་ཁོ་ན་ཉིད་གསལ་བར་བྱེད་པའི་ཉི་མ།/R73677AF7 ཤེར་རབ་སྙིང་པོའི་རྣམ་བཤད་ཟབ་མོའི་དེ་ཁོ་ན་ཉིད་གསལ་བར་བྱེད་པའི་ཉི་མ།- ཡིག་རྐྱང་རྩེ་ཕུད། (Best E-Text)/Common Spell Without Note,document,1J_4cB0at_y3AEX6GLqZncs8NHb0KC72p2D6TBBBNtZs,https://docs.google.com/document/d/1J_4cB0at_y3AEX6GLqZncs8NHb0KC72p2D6TBBBNtZs/edit,Dzongsar_folders/R73677AF7 ཤེར་རབ་སྙིང་པོའི་རྣམ་བཤད་ཟབ་མོའི་དེ་ཁོ་ན་ཉིད་གསལ་བར་བྱེད་པའི་ཉི་མ།/R73677AF7 ཤེར་རབ་སྙིང་པོའི་རྣམ་བཤད་ཟབ་མོའི་དེ་ཁོ་ན་ཉིད་གསལ་བར་བྱེད་པའི་ཉི་མ།- ཡི/Common Spell Without Note.docx,downloaded
R73677AF7 ཤེར་རབ་སྙིང་པོའི་རྣམ་བཤད་ཟབ་མོའི་དེ་ཁོ་ན་ཉིད་གསལ་བར་བྱེད་པའི་ཉི་མ།/R73677AF7 ཤེར་རབ་སྙིང་པོའི་རྣམ་བཤད་ཟབ་མོའི་དེ་ཁོ་ན་ཉིད་གསལ་བར་བྱེད་པའི་ཉི་མ།- ཡིག་རྐྱང་རྩེ་ཕུད། (Best E-Text)/common_spell With Note.docx,file,11_lA5xirVzlY-T-Db-AOY2Kzc-wb0ZYK,https://drive.google.com/file/d/11_lA5xirVzlY-T-Db-AOY2Kzc-wb0ZYK/view,,skipped (uploaded file; not a Doc/Sheet)
R73677AF7 ཤེར་རབ་སྙིང་པོའི་རྣམ་བཤད་ཟབ་མོའི་དེ་ཁོ་ན་ཉིད་གསལ་བར་བྱེད་པའི་ཉི་མ།/R73677AF7 ཤེར་རབ་སྙིང་པོའི་རྣམ་བཤད་ཟབ་མོའི་དེ་ཁོ་ན་ཉིད་གསལ་བར་བྱེད་པའི་ཉི་མ།- ཡིག་རྐྱང་རྩེ་ཕུད། (Best E-Text)/R73677AF7 ཤེར་རབ་སྙིང་པོའི་རྣམ་བཤད་ཟབ་མོའི་དེ་ཁོ་ན་ཉིད་གསལ་བར་བྱེད་པའི་ཉི་མ།-Segmentation,document,1WDnPgvs4fel18sNW6gfWto9EFzkwztrkOyh98DQYR-M,https://docs.google.com/document/d/1WDnPgvs4fel18sNW6gfWto9EFzkwztrkOyh98DQYR-M/edit,Dzongsar_folders/R73677AF7 ཤེར་རབ་སྙིང་པོའི་རྣམ་བཤད་ཟབ་མོའི་དེ་ཁོ་ན་ཉིད་གསལ་བར་བྱེད་པའི་ཉི་མ།/R73677AF7 ཤེར་རབ་སྙིང་པོའི་རྣམ་བཤད་ཟབ་མོའི་དེ་ཁོ་ན་ཉིད་གསལ་བར་བྱེད་པའི་ཉི་མ།- ཡི/R73677AF7 ཤེར་རབ་སྙིང་པོའི་རྣམ་བཤད་ཟབ་མོའི་དེ་ཁོ་ན་ཉིད་གསལ་བར་བྱེད་པའི་ཉི་མ།-Seg.docx,downloaded
R73677AF7 ཤེར་རབ་སྙིང་པོའི་རྣམ་བཤད་ཟབ་མོའི་དེ་ཁོ་ན་ཉིད་གསལ་བར་བྱེད་པའི་ཉི་མ།/R73677AF7 ཤེར་རབ་སྙིང་པོའི་རྣམ་བཤད་ཟབ་མོའི་དེ་ཁོ་ན་ཉིད་གསལ་བར་བྱེད་པའི་ཉི་མ།,spreadsheets,1KOdX8CyW-H8VdDzw0KQbCTqqknTxJVqFMe46cMsbRho,https://docs.google.com/spreadsheets/d/1KOdX8CyW-H8VdDzw0KQbCTqqknTxJVqFMe46cMsbRho/edit,Dzongsar_folders/R73677AF7 ཤེར་རབ་སྙིང་པོའི་རྣམ་བཤད་ཟབ་མོའི་དེ་ཁོ་ན་ཉིད་གསལ་བར་བྱེད་པའི་ཉི་མ།/R73677AF7 ཤེར་རབ་སྙིང་པོའི་རྣམ་བཤད་ཟབ་མོའི་དེ་ཁོ་ན་ཉིད་གསལ་བར་བྱེད་པའི་ཉི་མ།.xlsx,downloaded
R4D2984CC ཤེས་རབ་སྙིང་པོའི་འགྲེལ་པ་དོན་གསལ་ནོར་བུའི་འོད།/Cleaned text/R4D2984CC ཤེས་རབ་སྙིང་པོའི་འགྲེལ་པ་དོན་གསལ་ནོར་བུའི་འོད།-B3,document,1RRLaaqRvM2f97U7eD135eQZtTUua_YBQKQNsCcxbcGE,https://docs.google.com/document/d/1RRLaaqRvM2f97U7eD135eQZtTUua_YBQKQNsCcxbcGE/edit,Dzongsar_folders/R4D2984CC ཤེས་རབ་སྙིང་པོའི་འགྲེལ་པ་དོན་གསལ་ནོར་བུའི་འོད།/Cleaned text/R4D2984CC ཤེས་རབ་སྙིང་པོའི་འགྲེལ་པ་དོན་གསལ་ནོར་བུའི་འོད།-B3.docx,downloaded
R4D2984CC ཤེས་རབ་སྙིང་པོའི་འགྲེལ་པ་དོན་གསལ་ནོར་བུའི་འོད།/Cleaned text/R4D2984CC ཤེས་རབ་སྙིང་པོའི་འགྲེལ་པ་དོན་གསལ་ནོར་བུའི་འོད།-B4,document,1Dqd1RgyKGJf6c7HZY8d_T_WIcSfPOQduEZNNzQTH1uk,https://docs.google.com/document/d/1Dqd1RgyKGJf6c7HZY8d_T_WIcSfPOQduEZNNzQTH1uk/edit,Dzongsar_folders/R4D2984CC ཤེས་རབ་སྙིང་པོའི་འགྲེལ་པ་དོན་གསལ་ནོར་བུའི་འོད།/Cleaned text/R4D2984CC ཤེས་རབ་སྙིང་པོའི་འགྲེལ་པ་དོན་གསལ་ནོར་བུའི་འོད།-B4.docx,downloaded
R4D2984CC ཤེས་རབ་སྙིང་པོའི་འགྲེལ་པ་དོན་གསལ་ནོར་བུའི་འོད།/Cleaned text/R4D2984CC ཤེས་རབ་སྙིང་པོའི་འགྲེལ་པ་དོན་གསལ་ནོར་བུའི་འོད།-B5#,document,1VhdEPw1TRWOM54RylzNomaabyoP7WBzcyH4BdsNX6xg,https://docs.google.com/document/d/1VhdEPw1TRWOM54RylzNomaabyoP7WBzcyH4BdsNX6xg/edit,Dzongsar_folders/R4D2984CC ཤེས་རབ་སྙིང་པོའི་འགྲེལ་པ་དོན་གསལ་ནོར་བུའི་འོད།/Cleaned text/R4D2984CC ཤེས་རབ་སྙིང་པོའི་འགྲེལ་པ་དོན་གསལ་ནོར་བུའི་འོད།-B5#.docx,downloaded
R4D2984CC ཤེས་རབ་སྙིང་པོའི་འགྲེལ་པ་དོན་གསལ་ནོར་བུའི་འོད།/Cleaned text/R4D2984CC ཤེས་རབ་སྙིང་པོའི་འགྲེལ་པ་དོན་གསལ་ནོར་བུའི་འོད།-E2,document,1AZtSJ-JaSRO9Gz4LAhNb9mQ1610HQM2FjjTgiWmtA9M,https://docs.google.com/document/d/1AZtSJ-JaSRO9Gz4LAhNb9mQ1610HQM2FjjTgiWmtA9M/edit,Dzongsar_folders/R4D2984CC ཤེས་རབ་སྙིང་པོའི་འགྲེལ་པ་དོན་གསལ་ནོར་བུའི་འོད།/Cleaned text/R4D2984CC ཤེས་རབ་སྙིང་པོའི་འགྲེལ་པ་དོན་གསལ་ནོར་བུའི་འོད།-E2.docx,downloaded
R4D2984CC ཤེས་རབ་སྙིང་པོའི་འགྲེལ་པ་དོན་གསལ་ནོར་བུའི་འོད།/OCR/R4D2984CC ཤེས་རབ་སྙིང་པོའི་འགྲེལ་པ་དོན་གསལ་ནོར་བུའི་འོད།-B2.pdf,file,1EuQGmu3cmeAESLYGkRLkqkXfi2DBK9Ud,https://drive.google.com/file/d/1EuQGmu3cmeAESLYGkRLkqkXfi2DBK9Ud/view,,skipped (uploaded file; not a Doc/Sheet)
R4D2984CC ཤེས་རབ་སྙིང་པོའི་འགྲེལ་པ་དོན་གསལ་ནོར་བུའི་འོད།/OCR/R4D2984CC ཤེས་རབ་སྙིང་པོའི་འགྲེལ་པ་དོན་གསལ་ནོར་བུའི་འོད།-B6.pdf,file,1foGXFICwoIQRrFIezqPmOOzo0b-8wO-O,https://drive.google.com/file/d/1foGXFICwoIQRrFIezqPmOOzo0b-8wO-O/view,,skipped (uploaded file; not a Doc/Sheet)
R4D2984CC ཤེས་རབ་སྙིང་པོའི་འགྲེལ་པ་དོན་གསལ་ནོར་བུའི་འོད།/Others/1715837183334-R4D2984CC ཤེས་རབ་སྙིང་པོའི་འགྲེལ་པ་དོན་གསལ་ནོར་བུའི་འོད།-B6,document,1M8EsYk8z4iZWHLu5c7h2bSri2qRpIbk6P8nCTnYvLJ4,https://docs.google.com/document/d/1M8EsYk8z4iZWHLu5c7h2bSri2qRpIbk6P8nCTnYvLJ4/edit,Dzongsar_folders/R4D2984CC ཤེས་རབ་སྙིང་པོའི་འགྲེལ་པ་དོན་གསལ་ནོར་བུའི་འོད།/Others/1715837183334-R4D2984CC ཤེས་རབ་སྙིང་པོའི་འགྲེལ་པ་དོན་གསལ་ནོར་བུའི་འོད།-B6.docx,downloaded
R4D2984CC ཤེས་རབ་སྙིང་པོའི་འགྲེལ་པ་དོན་གསལ་ནོར་བུའི་འོད།/Others/R4D2984CC ཤེས་རབ་སྙིང་པོའི་འགྲེལ་པ་དོན་གསལ་ནོར་བུའི་འོད།-B2,document,1UelaYroRnHJ9RnkjOHNEr0KSqWInswZNqm1doJjz2Ys,https://docs.google.com/document/d/1UelaYroRnHJ9RnkjOHNEr0KSqWInswZNqm1doJjz2Ys/edit,Dzongsar_folders/R4D2984CC ཤེས་རབ་སྙིང་པོའི་འགྲེལ་པ་དོན་གསལ་ནོར་བུའི་འོད།/Others/R4D2984CC ཤེས་རབ་སྙིང་པོའི་འགྲེལ་པ་དོན་གསལ་ནོར་བུའི་འོད།-B2.docx,downloaded
R4D2984CC ཤེས་རབ་སྙིང་པོའི་འགྲེལ་པ་དོན་གསལ་ནོར་བུའི་འོད།/R4D2984CC ཤེས་རབ་སྙིང་པོའི་འགྲེལ་པ་དོན་གསལ་ནོར་བུའི་འོད།- ཡིག་རྐྱང་རྩེ་ཕུད། (Best E-Text)/Common Spell Without Note,document,1Ri5ySovzm9-k-BXEdrkrYSxcLA2HaVtiFb6Uq1eYnm8,https://docs.google.com/document/d/1Ri5ySovzm9-k-BXEdrkrYSxcLA2HaVtiFb6Uq1eYnm8/edit,Dzongsar_folders/R4D2984CC ཤེས་རབ་སྙིང་པོའི་འགྲེལ་པ་དོན་གསལ་ནོར་བུའི་འོད།/R4D2984CC ཤེས་རབ་སྙིང་པོའི་འགྲེལ་པ་དོན་གསལ་ནོར་བུའི་འོད།- ཡིག་རྐྱང་རྩེ་ཕུད། (Bes/Common Spell Without Note.docx,downloaded
R4D2984CC ཤེས་རབ་སྙིང་པོའི་འགྲེལ་པ་དོན་གསལ་ནོར་བུའི་འོད།/R4D2984CC ཤེས་རབ་སྙིང་པོའི་འགྲེལ་པ་དོན་གསལ་ནོར་བུའི་འོད།- ཡིག་རྐྱང་རྩེ་ཕུད། (Best E-Text)/common_spell With Note.docx,file,1dsKZKLRgfjYbllyor561PkWplygSPUey,https://drive.google.com/file/d/1dsKZKLRgfjYbllyor561PkWplygSPUey/view,,skipped (uploaded file; not a Doc/Sheet)
R4D2984CC ཤེས་རབ་སྙིང་པོའི་འགྲེལ་པ་དོན་གསལ་ནོར་བུའི་འོད།/R4D2984CC ཤེས་རབ་སྙིང་པོའི་འགྲེལ་པ་དོན་གསལ་ནོར་བུའི་འོད།- ཡིག་རྐྱང་རྩེ་ཕུད། (Best E-Text)/R4D2984CC ཤེས་རབ་སྙིང་པོའི་འགྲེལ་པ་དོན་གསལ་ནོར་བུའི་འོད།-Segmentation,document,1LbqOl81uQv7sBig4YTvtNz9VF6P8bTnFERIpXrGSIGU,https://docs.google.com/document/d/1LbqOl81uQv7sBig4YTvtNz9VF6P8bTnFERIpXrGSIGU/edit,Dzongsar_folders/R4D2984CC ཤེས་རབ་སྙིང་པོའི་འགྲེལ་པ་དོན་གསལ་ནོར་བུའི་འོད།/R4D2984CC ཤེས་རབ་སྙིང་པོའི་འགྲེལ་པ་དོན་གསལ་ནོར་བུའི་འོད།- ཡིག་རྐྱང་རྩེ་ཕུད། (Bes/R4D2984CC ཤེས་རབ་སྙིང་པོའི་འགྲེལ་པ་དོན་གསལ་ནོར་བུའི་འོད།-Segmentation.docx,downloaded
R4D2984CC ཤེས་རབ་སྙིང་པོའི་འགྲེལ་པ་དོན་གསལ་ནོར་བུའི་འོད།/R4D2984CC ཤེས་རབ་སྙིང་པོའི་འགྲེལ་པ་དོན་གསལ་ནོར་བུའི་འོད།,spreadsheets,1mWXsKjQOjUiLIBno8kB3K7b60HE52UQ_rA6UPZK8jgc,https://docs.google.com/spreadsheets/d/1mWXsKjQOjUiLIBno8kB3K7b60HE52UQ_rA6UPZK8jgc/edit,Dzongsar_folders/R4D2984CC ཤེས་རབ་སྙིང་པོའི་འགྲེལ་པ་དོན་གསལ་ནོར་བུའི་འོད།/R4D2984CC ཤེས་རབ་སྙིང་པོའི་འགྲེལ་པ་དོན་གསལ་ནོར་བུའི་འོད།.xlsx,downloaded
RF09D1EEF ཤེར་སྙིང་རྣམ་བཤད་སྙིང་པོ་གསལ་བྱེད།/OCR/1715841526866-The heart of Prajna Para mita sutra Need ocr.pdf,document,1WjUoe-GkUXmeo9bVs5XxyGt4Co-nR4hvEBAAfyH9Um8,https://docs.google.com/document/d/1WjUoe-GkUXmeo9bVs5XxyGt4Co-nR4hvEBAAfyH9Um8/edit,Dzongsar_folders/RF09D1EEF ཤེར་སྙིང་རྣམ་བཤད་སྙིང་པོ་གསལ་བྱེད།/OCR/1715841526866-The heart of Prajna Para mita sutra Need ocr.pdf.docx,downloaded
RF09D1EEF ཤེར་སྙིང་རྣམ་བཤད་སྙིང་པོ་གསལ་བྱེད།/OCR/1715846137448-Prajnaparamitahridaya-EN Need ocr.pdf,document,1Zw8mTNOO4ns6_65nIvfekWa6LZem5gcBcGVJ38voreo,https://docs.google.com/document/d/1Zw8mTNOO4ns6_65nIvfekWa6LZem5gcBcGVJ38voreo/edit,Dzongsar_folders/RF09D1EEF ཤེར་སྙིང་རྣམ་བཤད་སྙིང་པོ་གསལ་བྱེད།/OCR/1715846137448-Prajnaparamitahridaya-EN Need ocr.pdf.docx,downloaded
RF09D1EEF ཤེར་སྙིང་རྣམ་བཤད་སྙིང་པོ་གསལ་བྱེད།/OCR/Prajnaparamitahridaya-EN.pdf Need ocr,file,1Q0FvoSMrvZbtcYoJblh8pal3qonpjPqA,https://drive.google.com/file/d/1Q0FvoSMrvZbtcYoJblh8pal3qonpjPqA/view,,skipped (uploaded file; not a Doc/Sheet)
RF09D1EEF ཤེར་སྙིང་རྣམ་བཤད་སྙིང་པོ་གསལ་བྱེད།/OCR/The heart of Prajna Para mita sutra.pdf Need ocr,file,1ywNmpxGCMMfZnQmwkKV2w8dBhzqFLSkM,https://drive.google.com/file/d/1ywNmpxGCMMfZnQmwkKV2w8dBhzqFLSkM/view,,skipped (uploaded file; not a Doc/Sheet)
RF09D1EEF ཤེར་སྙིང་རྣམ་བཤད་སྙིང་པོ་གསལ་བྱེད།/RF09D1EEF ཤེར་སྙིང་རྣམ་བཤད་སྙིང་པོ་གསལ་བྱེད།--(Best E-Text)/RF09D1EEF ཤེར་སྙིང་རྣམ་བཤད་སྙིང་པོ་གསལ་བྱེད།--Segmentation,document,1-FDfIL9vOdZz2nLSX3-gtQd1ZJf8snEzpqluA2qAACY,https://docs.google.com/document/d/1-FDfIL9vOdZz2nLSX3-gtQd1ZJf8snEzpqluA2qAACY/edit,Dzongsar_folders/RF09D1EEF ཤེར་སྙིང་རྣམ་བཤད་སྙིང་པོ་གསལ་བྱེད།/RF09D1EEF ཤེར་སྙིང་རྣམ་བཤད་སྙིང་པོ་གསལ་བྱེད།--(Best E-Text)/RF09D1EEF ཤེར་སྙིང་རྣམ་བཤད་སྙིང་པོ་གསལ་བྱེད།--Segmentation.docx,downloaded
RF09D1EEF ཤེར་སྙིང་རྣམ་བཤད་སྙིང་པོ་གསལ་བྱེད།/RF09D1EEF ཤེར་སྙིང་རྣམ་བཤད་སྙིང་པོ་གསལ་བྱེད།--(Best E-Text)/RF09D1EEF ཤེར་སྙིང་རྣམ་བཤད་སྙིང་པོ་གསལ་བྱེད།-B2 (without Note),document,1ubUx0g8BsJzkTbi7zxQ3C12S-JkuYs28hPr2_gTlTv8,https://docs.google.com/document/d/1ubUx0g8BsJzkTbi7zxQ3C12S-JkuYs28hPr2_gTlTv8/edit,Dzongsar_folders/RF09D1EEF ཤེར་སྙིང་རྣམ་བཤད་སྙིང་པོ་གསལ་བྱེད།/RF09D1EEF ཤེར་སྙིང་རྣམ་བཤད་སྙིང་པོ་གསལ་བྱེད།--(Best E-Text)/RF09D1EEF ཤེར་སྙིང་རྣམ་བཤད་སྙིང་པོ་གསལ་བྱེད།-B2 (without Note).docx,downloaded
RF09D1EEF ཤེར་སྙིང་རྣམ་བཤད་སྙིང་པོ་གསལ་བྱེད།/RF09D1EEF ཤེར་སྙིང་རྣམ་བཤད་སྙིང་པོ་གསལ་བྱེད།,spreadsheets,1T3e1vKjlqL98CoMUPQZihDUeRKcCXSo-Vx1WeeNsjV8,https://docs.google.com/spreadsheets/d/1T3e1vKjlqL98CoMUPQZihDUeRKcCXSo-Vx1WeeNsjV8/edit,Dzongsar_folders/RF09D1EEF ཤེར་སྙིང་རྣམ་བཤད་སྙིང་པོ་གསལ་བྱེད།/RF09D1EEF ཤེར་སྙིང་རྣམ་བཤད་སྙིང་པོ་གསལ་བྱེད།.xlsx,downloaded
RBEAD9D91 ཤེར་སྙིང་གི་མདོའི་སྦས་དོན་མངོན་རྟོགས་གསལ་བའི་ཉི་མ།/Others/RBEAD9D91 ཤེར་སྙིང་གི་མདོའི་སྦས་དོན་མངོན་རྟོགས་གསལ་བའི་ཉི་མ།.pdf,file,1LlLm1mfzzJtTlLPYUvJHImwZ1Jb3o-6x,https://drive.google.com/file/d/1LlLm1mfzzJtTlLPYUvJHImwZ1Jb3o-6x/view,,skipped (uploaded file; not a Doc/Sheet)
RBEAD9D91 ཤེར་སྙིང་གི་མདོའི་སྦས་དོན་མངོན་རྟོགས་གསལ་བའི་ཉི་མ།/Others/RBEAD9D91 ཤེར་སྙིང་གི་མདོའི་སྦས་དོན་མངོན་རྟོགས་གསལ་བའི་ཉི་མ།.txt,file,1lsX0VTYpghE-rxRFgrQytTyl090aymNd,https://drive.google.com/file/d/1lsX0VTYpghE-rxRFgrQytTyl090aymNd/view,,skipped (uploaded file; not a Doc/Sheet)
RBEAD9D91 ཤེར་སྙིང་གི་མདོའི་སྦས་དོན་མངོན་རྟོགས་གསལ་བའི་ཉི་མ།/RBEAD9D91 ཤེར་སྙིང་གི་མདོའི་སྦས་དོན་མངོན་རྟོགས་གསལ་བའི་ཉི་མ།  - ཡིག་རྐྱང་རྩེ་ཕུད། (Best E-text)/RBEAD9D91 ཤེར་སྙིང་གི་མདོའི་སྦས་དོན་མངོན་རྟོགས་གསལ་བའི་ཉི་མ། B-2,document,1pkBMnggl6Jx-qsQdDSDBgM6ggPVNu9qx6fb9ZvcoQQE,https://docs.google.com/document/d/1pkBMnggl6Jx-qsQdDSDBgM6ggPVNu9qx6fb9ZvcoQQE/edit,Dzongsar_folders/RBEAD9D91 ཤེར་སྙིང་གི་མདོའི་སྦས་དོན་མངོན་རྟོགས་གསལ་བའི་ཉི་མ།/RBEAD9D91 ཤེར་སྙིང་གི་མདོའི་སྦས་དོན་མངོན་རྟོགས་གསལ་བའི་ཉི་མ། - ཡིག་རྐྱང་རྩེ་ཕུད།/RBEAD9D91 ཤེར་སྙིང་གི་མདོའི་སྦས་དོན་མངོན་རྟོགས་གསལ་བའི་ཉི་མ། B-2.docx,downloaded
RBEAD9D91 ཤེར་སྙིང་གི་མདོའི་སྦས་དོན་མངོན་རྟོགས་གསལ་བའི་ཉི་མ།/RBEAD9D91 ཤེར་སྙིང་གི་མདོའི་སྦས་དོན་མངོན་རྟོགས་གསལ་བའི་ཉི་མ།  - ཡིག་རྐྱང་རྩེ་ཕུད། (Best E-text)/RBEAD9D91 ཤེར་སྙིང་གི་མདོའི་སྦས་དོན་མངོན་རྟོགས་གསལ་བའི་ཉི་མ། B-2 Segmentation,document,1gkIKOXzUbe7-my0TQJlDe17_CXusmQH5fBFDfMvKXjY,https://docs.google.com/document/d/1gkIKOXzUbe7-my0TQJlDe17_CXusmQH5fBFDfMvKXjY/edit,Dzongsar_folders/RBEAD9D91 ཤེར་སྙིང་གི་མདོའི་སྦས་དོན་མངོན་རྟོགས་གསལ་བའི་ཉི་མ།/RBEAD9D91 ཤེར་སྙིང་གི་མདོའི་སྦས་དོན་མངོན་རྟོགས་གསལ་བའི་ཉི་མ། - ཡིག་རྐྱང་རྩེ་ཕུད།/RBEAD9D91 ཤེར་སྙིང་གི་མདོའི་སྦས་དོན་མངོན་རྟོགས་གསལ་བའི་ཉི་མ། B-2 Segmentation.docx,downloaded
RBEAD9D91 ཤེར་སྙིང་གི་མདོའི་སྦས་དོན་མངོན་རྟོགས་གསལ་བའི་ཉི་མ།/RBEAD9D91 ཤེར་སྙིང་གི་མདོའི་སྦས་དོན་མངོན་རྟོགས་གསལ་བའི་ཉི་མ།,spreadsheets,11gGj654poeC74APOg1Nbl7nxjei16wYrNQuo22nGSCo,https://docs.google.com/spreadsheets/d/11gGj654poeC74APOg1Nbl7nxjei16wYrNQuo22nGSCo/edit,Dzongsar_folders/RBEAD9D91 ཤེར་སྙིང་གི་མདོའི་སྦས་དོན་མངོན་རྟོགས་གསལ་བའི་ཉི་མ།/RBEAD9D91 ཤེར་སྙིང་གི་མདོའི་སྦས་དོན་མངོན་རྟོགས་གསལ་བའི་ཉི་མ།.xlsx,downloaded
R46878C73 ཤེས་རབ་སྙིང་པོའི་འགྲེལ་བ་ཟབ་མོ་སྣང་བའི་གཏེར་སྒོ་ཞེས་བྱ་བ་བཞུགས་སོ། །/Others/R46878C73 ཤེས་རབ་སྙིང་པོའི་འགྲེལ་བ་ཟབ་མོ་སྣང་བའི་གཏེར་སྒོ་ཞེས་བྱ་བ་བཞུགས་སོ། །-B2.pdf,file,1_xrXCsFnFziymPpgnjvs0CclzipetVUb,https://drive.google.com/file/d/1_xrXCsFnFziymPpgnjvs0CclzipetVUb/view,,skipped (uploaded file; not a Doc/Sheet)
R46878C73 ཤེས་རབ་སྙིང་པོའི་འགྲེལ་བ་ཟབ་མོ་སྣང་བའི་གཏེར་སྒོ་ཞེས་བྱ་བ་བཞུགས་སོ། །/R46878C73 ཤེས་རབ་སྙིང་པོའི་འགྲེལ་བ་ཟབ་མོ་སྣང་བའི་གཏེར་སྒོ་ཞེས་བྱ་བ་བཞུགས་སོ། །-Best E-Text/R46878C73ཤེས་རབ་སྙིང་པོའི་འགྲེལ་བ་ཟབ་མོ་སྣང་བའི་གཏེར་སྒོ་ཞེས་བྱ་བ་བཞུགས་སོ། - Segmentation,document,1ddhbU4Ihww-XeWrX9ghq3tgv8s4Onhlcq5s69uccKXY,https://docs.google.com/document/d/1ddhbU4Ihww-XeWrX9ghq3tgv8s4Onhlcq5s69uccKXY/edit,Dzongsar_folders/R46878C73 ཤེས་རབ་སྙིང་པོའི་འགྲེལ་བ་ཟབ་མོ་སྣང་བའི་གཏེར་སྒོ་ཞེས་བྱ་བ་བཞུགས་སོ། །/R46878C73 ཤེས་རབ་སྙིང་པོའི་འགྲེལ་བ་ཟབ་མོ་སྣང་བའི་གཏེར་སྒོ་ཞེས་བྱ་བ་བཞུགས་སོ། །-B/R46878C73ཤེས་རབ་སྙིང་པོའི་འགྲེལ་བ་ཟབ་མོ་སྣང་བའི་གཏེར་སྒོ་ཞེས་བྱ་བ་བཞུགས་སོ། - Se.docx,downloaded
R46878C73 ཤེས་རབ་སྙིང་པོའི་འགྲེལ་བ་ཟབ་མོ་སྣང་བའི་གཏེར་སྒོ་ཞེས་བྱ་བ་བཞུགས་སོ། །/R46878C73 ཤེས་རབ་སྙིང་པོའི་འགྲེལ་བ་ཟབ་མོ་སྣང་བའི་གཏེར་སྒོ་ཞེས་བྱ་བ་བཞུགས་སོ། །-Best E-Text/R46878C73ཤེས་རབ་སྙིང་པོའི་འགྲེལ་བ་ཟབ་མོ་སྣང་བའི་གཏེར་སྒོ་ཞེས་བྱ་བ་བཞུགས་སོ། B-2,document,1ap5EVTQD-aWseLXDfJmlumgZzEVzaKTA-maAHVtXQdA,https://docs.google.com/document/d/1ap5EVTQD-aWseLXDfJmlumgZzEVzaKTA-maAHVtXQdA/edit,Dzongsar_folders/R46878C73 ཤེས་རབ་སྙིང་པོའི་འགྲེལ་བ་ཟབ་མོ་སྣང་བའི་གཏེར་སྒོ་ཞེས་བྱ་བ་བཞུགས་སོ། །/R46878C73 ཤེས་རབ་སྙིང་པོའི་འགྲེལ་བ་ཟབ་མོ་སྣང་བའི་གཏེར་སྒོ་ཞེས་བྱ་བ་བཞུགས་སོ། །-B/R46878C73ཤེས་རབ་སྙིང་པོའི་འགྲེལ་བ་ཟབ་མོ་སྣང་བའི་གཏེར་སྒོ་ཞེས་བྱ་བ་བཞུགས་སོ། B-2.docx,downloaded
R46878C73 ཤེས་རབ་སྙིང་པོའི་འགྲེལ་བ་ཟབ་མོ་སྣང་བའི་གཏེར་སྒོ་ཞེས་བྱ་བ་བཞུགས་སོ། །/R46878C73 ཤེས་རབ་སྙིང་པོའི་འགྲེལ་བ་ཟབ་མོ་སྣང་བའི་གཏེར་སྒོ་ཞེས་བྱ་བ་བཞུགས་སོ། །,spreadsheets,14u1FK2EXm9obt2miBrkw-A7l-Ou781ct4aWAeKzy9b0,https://docs.google.com/spreadsheets/d/14u1FK2EXm9obt2miBrkw-A7l-Ou781ct4aWAeKzy9b0/edit,Dzongsar_folders/R46878C73 ཤེས་རབ་སྙིང་པོའི་འགྲེལ་བ་ཟབ་མོ་སྣང་བའི་གཏེར་སྒོ་ཞེས་བྱ་བ་བཞུགས་སོ། །/R46878C73 ཤེས་རབ་སྙིང་པོའི་འགྲེལ་བ་ཟབ་མོ་སྣང་བའི་གཏེར་སྒོ་ཞེས་བྱ་བ་བཞུགས་སོ། །.xlsx,downloaded
RA6E8F24A ཤེས་རབ་སྙིང་པོའི་མཆན་འགྲེལ་མདོར་བསྡུས། /OCR/RA6E8F24A  ཤེས་རབ་སྙིང་པོའི་མཆན་འགྲེལ་མདོར་བསྡུས། -B2.pdf,file,1jWLA0kfMPp5D8T2Kcnv68E0ffW9xSMOf,https://drive.google.com/file/d/1jWLA0kfMPp5D8T2Kcnv68E0ffW9xSMOf/view,,skipped (uploaded file; not a Doc/Sheet)
RA6E8F24A ཤེས་རབ་སྙིང་པོའི་མཆན་འགྲེལ་མདོར་བསྡུས། /RA6E8F24A ཤེས་རབ་སྙིང་པོའི་མཆན་འགྲེལ་མདོར་བསྡུས། -Best E-Text/RA6E8F24A  ཤེས་རབ་སྙིང་པོའི་མཆན་འགྲེལ་མདོར་བསྡུས། -B2-Without Note,document,1zZB4d1zFtOhju4eYI42yCyLfgFhplHWyLelvlUKvpRE,https://docs.google.com/document/d/1zZB4d1zFtOhju4eYI42yCyLfgFhplHWyLelvlUKvpRE/edit,Dzongsar_folders/RA6E8F24A ཤེས་རབ་སྙིང་པོའི་མཆན་འགྲེལ་མདོར་བསྡུས།/RA6E8F24A ཤེས་རབ་སྙིང་པོའི་མཆན་འགྲེལ་མདོར་བསྡུས། -Best E-Text/RA6E8F24A ཤེས་རབ་སྙིང་པོའི་མཆན་འགྲེལ་མདོར་བསྡུས། -B2-Without Note.docx,downloaded
RA6E8F24A ཤེས་རབ་སྙིང་པོའི་མཆན་འགྲེལ་མདོར་བསྡུས། /RA6E8F24A ཤེས་རབ་སྙིང་པོའི་མཆན་འགྲེལ་མདོར་བསྡུས། -Best E-Text/RA6E8F24A  ཤེས་རབ་སྙིང་པོའི་མཆན་འགྲེལ་མདོར་བསྡུས། -Segmentation,document,1OXXjYOfWNmJB99MitAUP3CVaMC0H7Bp5nOp4mkC0gGg,https://docs.google.com/document/d/1OXXjYOfWNmJB99MitAUP3CVaMC0H7Bp5nOp4mkC0gGg/edit,Dzongsar_folders/RA6E8F24A ཤེས་རབ་སྙིང་པོའི་མཆན་འགྲེལ་མདོར་བསྡུས།/RA6E8F24A ཤེས་རབ་སྙིང་པོའི་མཆན་འགྲེལ་མདོར་བསྡུས། -Best E-Text/RA6E8F24A ཤེས་རབ་སྙིང་པོའི་མཆན་འགྲེལ་མདོར་བསྡུས། -Segmentation.docx,downloaded
RA6E8F24A ཤེས་རབ་སྙིང་པོའི་མཆན་འགྲེལ་མདོར་བསྡུས། /RA6E8F24A  ཤེས་རབ་སྙིང་པོའི་མཆན་འགྲེལ་མདོར་བསྡུས།,spreadsheets,1MI5DjuhQLMiJ2B17mqOxXiQpF26pHZBpfiqjdGgFNfk,https://docs.google.com/spreadsheets/d/1MI5DjuhQLMiJ2B17mqOxXiQpF26pHZBpfiqjdGgFNfk/edit,Dzongsar_folders/RA6E8F24A ཤེས་རབ་སྙིང་པོའི་མཆན་འགྲེལ་མདོར་བསྡུས།/RA6E8F24A ཤེས་རབ་སྙིང་པོའི་མཆན་འགྲེལ་མདོར་བསྡུས།.xlsx,downloaded